title,pc_sub
Crackdown 3 Flying High Update (Official Trailer),1
"New games coming to Gamepass. Shadow of War, Dead Rising 4, Undertale, Blazing Chrome, My time at Portia and more",1
Super Buckyball Tournament is Coming to Steam Early Access Later This Year,1
Skyrim’s murky seas finally get an overhaul underwater mod after 8 years,1
Nvidia RTX 2060 Super/ RTX 2070 Super Review! Bringing The Battle To Navi!,1
5 Best Fallout 4 Mods of June 2019,1
Why Graphics Cards Cost MORE than EVER: Did AMD and Nvidia collude to fix GPU prices?,1
Elden Ring’s Gameplay Is Designed Around Its “Open and Vast” World,1
"Crunch is ""not sustainable"" but Blizzard wouldn't be Blizzard without it, founder says",1
DOOM Eternal....,1
Your Monitor Sucks. (ASUS PG35V Review),1
TaleSpire Kickstarter trailer looks promising.,1
"Sega EU on acquisitions, streaming, subscriptions, Atlus, Steam and EGS.",1
"First gaming benchmark, Final Fantasy XV, for the NVIDIA GeForce RTX2070 SUPER emerges (12% faster than RTX 2070)",1
"""We make zero money on our games if people buy them through ads and we then have to provide extra customer support for people who ended up with fake or deactivated keys. "" says devs on G2A bashing.",1
"Does anyone remember this old program.. (2005?) That was a radio app, it was shaped like a circle and the slogan was like ""music for gamers"" or something?",1
PC gaming is in a decline and deserves to be - MarketWatch,1
REMINDER: Xbox Game Pass for PC. Unlimited access to over 100 high-quality PC games for an introductory price. £3.99/month. Current price is £1.00 75% off • 2 days left of introductory price.,1
[PSA] Today the Coinstar Machine at the grocery store I go to started using Steam as a form of payment.,1
Blood (1997) | Forgotten Gems (with Creator Nick Newhard),1
Old School Runescape is “a good creative beta” for modern Runescape,1
Steam Blog :: Behind the Scenes at the Summer Sale Grand Prix Races,1
"Nostalgic, Cinematic Platformer Horace launches on Steam on 18th July - Wishlist Now!",1
Anyone here ever use the Razor Orbweaver or Tartarus if so how did you like it?,1
How scared should I be of games disappearing from the pc game pass? [microsoft],1
"Oculus Rift S Patch Dramatically Improves Controller Tracking, Coming To Quest In Future",1
"Effective immediately, all Zachtronics games are free for public schools and school-like non-profit organizations.",1
What games have you beat in 2019?,1
Game streams are pointless if the streamer is popular,1
NVIDIA GeForce RTX SUPER series final pricing and availability date leaked,1
Top 20 Best Steam Summer Sale Games Under 5$!! (With links),1
"Why is it taking so long for a new Star Wars open world mmo to be developed? I’m taking monthly subscription, passionate developers, and multiple platforms.",1
Sharing screen and control over my computer,1
How do I get good,1
Indemnification?,1
DOOM,1
One Punch Man: A Hero Nobody Knows Announcement Trailer,1
"G2A: key reselling is a problem for some developers, “but not for us or anyone else”",1
"Update 36: Progress update, Steam Page, and More! · The 13th Doll: A Fan Game of The 7th Guest",1
Iceborne will conclude Monster Hunter: World's story,1
What game/games do you think would have the highest average IQ among their playerbase?,1
"AMD vs Nvidia inputlag comparison, AMD rep leaves comment saying it will get even better",1
Dell G3 3590 Non-professional Casual review,1
How would you rate this year so far in terms of quality games?,1
Will PC gaming as we know it change once we move to cloud gaming ?,1
My lord...is that legal?,1
Top Steam Summer Sale Games Under 1$ Part 2!!! 50 More (with links),1
To those who have played with Xbox Game Pass already; Any issues ran yet?,1
The Steam Summer Sale Grand Prix game is confusing the hell out of everyone,1
W40K: Inquisitor | Patch 2.0 Release Trailer,1
CD Projekt says it's not actually working on multiple Cyberpunk games,1
How to find PC games?,1
RUNE II: Loki's Ages of Ragnarok Spotlight,1
Steam Grand Prix Summer Sale is Live,1
"Halo SPV3 v3.2, the Halo 1 campaign overhaul mod which adds new levels, weapons, vehicles, enemies, improved graphics, 4K support, 60fps animations and much more has finally released!",1
SolSeraph | Announcement Trailer,1
SOEDESCO opens its second game development studio today,1
"Update on Steam, Ubuntu, and 32-bit support",1
Imperator: Rome - Pompey Update Feature Breakdown,1
"Tech Support and Basic Questions Thread - June 27, 2019",1
"Played Wildlands, Origins, Far Cry 5 for 2-3h and i don’t know what to say.",1
GRIP: Combat Racing | Summer of Combat,1
Hunt Showdown | Bad as They Seem,1
The Addictive Cost Of Predatory Videogame Monetization (The Jimquisition),1
"Atelier Ryza - Trailer with Battle, Alchemy &amp; Exploration Gameplay. Coming out on October 29",1
"Prison Architect surpasses 4 million players (across all platforms), New Update the Clink releases today",1
G2A attempts to place sponsored articles with no disclosure to raise awareness with indies/smaller devs,1
Fall Guys: A Unique Battle Royale Game With No Weapons,1
"Tech Support and Basic Questions Thread - July 03, 2019",1
How much of a disadvantage are you at playing a FPS online with a controller?,1
"My Friend Pedro — version 1.02 released (uncapped frame rate, improved support for ultrawide aspect ratios...)",1
The new Valve Index-Controllers are shipping out with hardware defects.,1
Devotion’s Chinese publisher has had its business license revoked,1
"Tencent, Chinese gaming companies push new age rating system",1
"Tech Support and Basic Questions Thread - June 30, 2019",1
My recommendations for the current Steam Summer sale,1
Reminder: There are only a few hours left to get the latest Borderlands 2 DLC for free (ends at 07:00 PM UTC),1
"Thousands perish in Elite Dangerous expedition, but survivors reach the edge of the galaxy",1
"Free Talk Friday Thread - July 05, 2019",1
TIL there is a Redwall game series...The Lost Legends of Redwall: The Scout,1
Let’s make an epic gamer moment Corgis,1
"""Accurate"" E3 Demos - Raycevick",1
"Alienware co-founder leaving Dell, rumored to become AMD’s first chief gaming officer",1
GTX 1660 Ti vs RX Vega 56 – 1440p Gaming Graphics Card Showdown,1
What game was the best VALUE for you?,1
"Quadplay is a newly released, open source (LGPL) fantasy or virtual console from CasualEffects, it's amazingly well documented and already quite full featured and of course completely free.",1
"Out of curiosity, how many Steam games do you have?",1
Cyber Hunter Pc Version,1
"Katherine Castle(RPS) just published six CPU reviews including ""Intel Core i5-8400: Still a great Ryzen 5 killer"", ""Intel Core i5-9600K: Our new best gaming CPU champion"", ""Intel Core i7-9700K: The best gaming CPU that doesn’t break the bank"" and ""Intel Core i3-8100: A great entry level gaming CPU""",1
Control | 26 Minutes of PC Gameplay w/ Ray Tracing Enabled,1
"Gabe drops Half-Life 3 hints during Valve Index party, because of course he did…",1
Night Call will release on Steam and Xbox Game Pass on July 17th,1
"Project Boundary officially titled Boundary, PC version is being considered",1
Bloodstained: Ritual of the Night is 30% off ($28 USD) currently on Green Man Gaming (Steam/PC),1
Borderless Gaming 9.5.6 released on Github (various bug fixes),1
Ni No Kuni 3 is in development,1
Steam page for Code Vein is live! It's finally happening.,1
What game gave you the most value for your money?,1
With so many action games and especially shooters you read complaints about poor AI. What action games are considered to actually have good AI? And what makes it good?,1
Call of Duty: Black Ops 4 Pay to Win Feature Added Into Blackout in Latest Patch,1
"AMD to Slash Radeon RX 5700 ""Navi"" Series Prices Ahead of Launch: $399 &amp; $349",1
22 of the worst PC games of all time,1
Ex-Fortnite Reddit mod accuses Epic Games of paying mods to manipulate posts,1
Scientific mousepad friction testing: Glorious Helios Glide Test vs AMP500 vs Cooler Master MP510 vs HyperX Fury S Mousepad Comparison,1
"For Honor - Tribute, The Forgotten Mode [By showing players how (in)active the mode was, Ubisoft accidentally ensured no one would queue for it again]",1
NG (Death Mark Sequel) coming west for PC in October,1
eFootball PES 2020 Demo includes Edit Mode and 14 real teams,1
Steam Controller 2 patent and mention in Steam Input files found.,1
Ja Mods - Resistance &amp; Liberation Open Beta 1.6,1
"EA sees Bioware's Anthem on ""seven to ten year cycle""",1
"What Are You Playing Thread - July 02, 2019",1
Gloomhaven - Early Access Teaser Trailer,1
"I am genuinely curious. If NVIDIA destroys AMD Graphics Cards at almost every launch, who exactly is NVIDIAs competition? More to the point, how come AMD still has a market?",1
Wolfenstein: Youngblood will be using the Denuvo anti-tamper tech,1
Using MTG playmat as a mouse pad,1
Call of Duty Modern Warfare will let you reload while aiming down sights,1
Borderlands 3 - Claptrap Presents: Pandora,1
Behind the Scenes with the Games Media at E3 2019,1
Risk of Rain 2 - Scorched Acres Update Trailer,1
Cyberpunk 2077 System Requirements,1
S.W.I.N.E. HD Remaster | Rabbit Army Trailer,1
Top Gear Has Arrived in Forza Horizon 4 - Trailer,1
The Surge 2 - Dev Gameplay Walkthrough,1
Metal Wolf Chaos XD launches August 6,1
"If I own a game on one platform (e.g. Steam) and it becomes free on another platform, are there any pros or cons to redeeming it there too?",1
Returning to PC gaming - what have I missed?,1
Microsoft is “not going to leave Age of Mythology behind”,1
A Brilliant FPS - Insurgency Sandstorm Review,1
CODE VEIN - Opening Cinematic,1
One Piece: Pirate Warriors 4 Announced For PC In 2020,1
Refused Is Officially the Sound and Voice of Cyberpunk 2077’s SAMURAI! - CD PROJEKT,1
Weekend PC Game Deals,1
PSA: You don't need to remove games from your Steam wishlist in order to win your Top Wishlisted Game during the Steam Summer Sale - just move your favorite game to the top of your wishlist and you're good to go!,1
Hunt: Showdown leaving early access on August 20 for PC and Xbox One,1
EVE-Online NPC's Threatening Player Owned Assets &amp; Invading,1
"Valve is not your friend, and Steam is not healthy for gaming",1
Starbase - The Next Big Space Game? Everything We Know So Far! (Obsidian Ant),1
Who does 'First Impressions' type videos nowadays?,1
"Paradox Interactive: ""The 70/30 revenue split is outrageous""",1
What’s your favorite ultrawide gaming experience?,1
Rising Storm 2: Vietnam - Green Army Men DLC trailer,1
Children of Morta Impressions,1
"I always found level editors in games to be either restrictive or difficult to use. So I'm trying to make one which is easy to pick up, based on spline curves. This is what I have so far",1
Silver Chains Release Trailer,1
Square Enix Dragon Quest XI team hiring for next-generation Dragon Quest title,1
PC games with the worst FMV video encoding?,1
"First gaming benchmarks for the AMD NAVI GPUs, Radeon RX 5700XT &amp; RX 5700, have been leaked online",1
This gorgeous Star Wars Battlefront III Fan Remaster will not ever be released to the public,1
Had the chance to play Dota Underlords when opened for BP owners. Here is my evaluation after 25 hours of gameplay. Happy to chat about it.,1
Artifact designer thinks it can be saved but isn't interested in doing 'damage control',1
"Asus PG35VQ Review, The Great Wallet Destroying 200Hz HDR Ultrawide Monitor",1
Old School Runescape ends partnership polls early after community backlash,1
Bandai Namco announces online action RPG Blue Protocol for PC,1
Edge of Eternity: Chapter III will be releasing on July 17th,1
CD Projekt Red has three teams working on three Cyberpunk titles: - Cyberpunk 2077 - CDPR's next big game and a rumored standalone Cyberpunk multiplayer game,1
"Suggest-A-Game Weekend Thread - June 29, 2019",1
Robotics;Notes Elite announced for Steam,1
EVE Online players threaten to quit as devs announce local chat blackout,1
AMD has just 14.75% of gamers on Steam using Radeon graphics,1
ACE Team — SolSeraph announcement,1
Frontline Zed - Official Trailer - Spiritual Successor to The Last Stand flash game,1
"Warframe's intro cinematic debuts 6 years after the game came out, but at least it's pretty rad",1
Are Physical P.C games still made or is it all downloads from steam. I can remember when Best Buys p.c. games were as big as the xbox titles.,1
Only have time for one. FFXIV or Destiny 2,1
This community rocks and I have to thank a member.,1
Amid Evil review - Civvie11,1
Need for speed underground.,1
Cyberpunk 2077 has three different playable prologues depending on your starting choice,1
Builders of Egypt - Official Trailer,1
Gamer lefties of Reddit: What are your keyboard controlls?,1
GOG Galaxy 2.0 may be what PC gamers need to unite all launchers,1
Is there a way to take Pedals (like Thrustmaster) and have them trigger Macros?,1
"Monster Hunter World: "" We've finally built a great base to work from""",1
‘Rage 2’ is somehow selling way less than ‘Rage 1’ so far,1
Reminder: Steam Summer Sale starts tomorrow at 10AM PST,1
I installed Hollow Night via Gamepass for PC and when I opened it for the first time it already had a save slot made with 14 hours logged,1
Langrisser I &amp; II coming West in early 2020.,1
PSA about Pinnacle Game Profiler,1
Is 7days to die still worth it after alpha 17.,1
MythBusters: The Game - Official Trailer,1
Steam: Buying Borderlands 2 (Blocked in this Country),1
"Gears 5 Versus Technical Test details have been revealed, including Recommended Specs for PC",1
AMD Fidelity FX Review - Featuring RAGE 2 - Is FidelityFX a gimmick?,1
PSA: The Steam Summer Sale 2019 goes live in exactly 1 hour and 30 minutes from now!,1
"PSA: Players are receiving the error message: ""YOUR ACCOUNT HAS BEEN ACCESSED FROM ANOTHER LOCATION"" upon login [on Uplay]",1
Rebel Galaxy Outlaw - In-Game Gameplay and Ship Combat,1
Earth Defense Force 5 coming to PC on July 11,1
Petition to “Stop Selling Indie Games on G2A” Gains Traction Faster Than Expected,1
OpenCritic might add a “crunch meter” to document devs’ work/life balance,1
My Pre-ordering conundrum ?,1
Rampant racism and toxicity are driving players away from Mordhau - PC Gamer,1
Unreal Engine developers are getting FEM Physic Simulation/System.,1
"Obsidian’s creative director, Leonard Boyarsky has said the studio doesn’t want to create a “politically-charged” game with The Outer Worlds.",1
"Tech Support and Basic Questions Thread - July 06, 2019",1
Skywind total conversion mod gets an impressive new trailer after 7 years,1
"""Atelier Ryza"" official English website is online. Releasing on October 29th.",1
The upcoming “immersive” Evil Dead game will not be VR,1
New gaming headset from Audio Technica,1
"Epic funding Kickstarter refunds resulting from Shenmue 3’s move to the Epic Games store, says it'll do likewise when future crowdfunded games switch to Epic Games store exclusives",1
"This year has been my first Steam Summer Sale, and it is my new favorite holiday.",1
How gender questioning and transgender gamers found a safe space in VR,1
"NVIDIA’s next-generation GPUs, coming out in 2020, will be using Samsung’s 7nm tech",1
Keanu Reeves has made Cyberpunk movie ‘much more of a possibility’,1
theHunter: Call of the Wild - Yukon Valley Trailer,1
It appears that contraversal Black Ops 4 boxes in BR mode are only avaliable in limited time modes,1
Predictions for Cyberpunk 2077 Recommended Specs,1
What games did you buy during Steam Summer Sale and have any stood out as amazing? For me? Katana ZERO,1
Blizzard is hiring Hearthstone community managers – having laid the whole team off five months ago,1
Website with played games library,1
"The Dark Souls of Shooters, Part 1 - Which elements of Witchfire are inspired by From games?",1
F2P games like Arma 3?,1
Temtem - Alpha Access now live on Discord,1
What Are Your Favorite Old PC Games?,1
Treyarch reportly are frustrated with activisions quest to get more revenue with micro transactions,1
Where are the Transformers games for PC?,1
Leaked Ryzen 5 3600 Benchmark Claims Better Single-Threaded Performance Than the Core i9-9900K,1
HYPERCHARGE: Unboxed - ToyRex Content Update | Out Now,1
JUMP FORCE - Bakugo DLC Trailer,1
Housemarque CEO: Sometimes You Need Exclusive Deals Because Money Doesn't Grow on Trees,1
"The Witcher 3 HD Reworked Project 10.0 Reborn releases on July 17th, new comparison video released",1
Half-Life remake Black Mesa has a partly playable Xen chapter,1
What are your unpopular opinions in gaming?,1
I've beaten the story of Kingdom Come: Deliverance. What next?,1
What do you consider as the best game that was a tie-in or based on a movie or TV show?,1
Does my PC have to be in a bag for carry-on for a flight?,1
Halo MCC Development Update - June 2019,1
I think this is really relevant to this forum.,1
Star Wars Jedi: Fallen Order — Official Gameplay Demo (Extended Cut),1
Remedy now owns the publishing rights to Alan Wake,1
The Game That Tears Relationships Apart Is Free At Epic This Week,1
Rise Eterna Trailer (New SRPG coming soon to Steam),1
Red Dead Redemption 2 for PC found in Social Club source code,1
Anyone else feel like this Steam event is crap?,1
Aperture hand lab - New free VR game by valve,1
Nutaku announce $5 million investment in LGBTQ+ games,1
"Borderlands 2 VR For PC Rated By ESRB, Suggesting Release Nears",1
"Halo: Combat Evolved SPV3.2 mod released, features improved graphics, gameplay and new missions",1
Black &amp; White,1
Is PC gaming on Medium settings an enjoyable experience?,1
CODE VEIN - Successor of the Ribcage Boss Trailer,1
Steam vs Epic Games Store: the logics of digital distribution on PC [Italian Article] [English Transcript in the comments],1
Hearthstone New Expansion: Saviors of Uldum,1
Take-Two CEO Says Not Every Game Needs To Be Massive 100 Hour Experience,1
Microsoft to bring back Age of Mythology,1
Forza 7 missing from new Xbox App,1
What games you buying steam summer sale.,1
"Green Hell Leaves Early Access on September 5th, 2019",1
Hardcore Playing The Witcher 3,1
Zombie Army 4 devs on Epic exclusivity: “upsetting a few people isn’t necessarily bad”,1
"The Developers of Last Oasis, Donkey Crew Will Be Having an AMA With Us July 3rd at 3:00 PM EST!",1
You should know: how to DIY cloud save any game across any computer,1
"Limbo and Inside reviews (2.5D Cinematic Horror Platformers Pt. 1) (audio, review, podcast)",1
Why have PC games have stagnated in terms of graphics?,1
"Anybody playing Outward got any beginners tips, im an avid Skyrim and Divinity player but this is something ive been wanting to master for a while",1
"Mike Rose on Twitter: ""G2A has taken out sponsored ads on Google... and we make zero money on our games if people buy through the ads.""",1
More than a million people per month are still playing Age of Empires,1
Is 'noir' is a popular theme among indie devs right now?,1
"Ubisoft donating €500,000 to support the restoration of Notre-Dame as well as giving away AC: Unity for free on Uplay for a week",1
Rami Ismail joins Descenders developer in calling players to pirate their games rather than buy from G2A,1
Humble Monthly Early Unlocks: Kingdom Come: Deliverance and Surviving Mars,1
The Rusty Lake series has been released on GOG,1
AMD Launches Xbox Game Pass for PC Bundle for Current Radeon &amp; Ryzen Products,1
IT STARES BACK PROLOGUE LAUNCH TRAILER,1
Anyone Still Rocking the Max Payne Mousepad?,1
Who does not remember Pharaoh (from Sierra) on PC in 1999? Here is the new trailer of Builders Of Egypt!,1
How many of you actually regularly or primarily play on your TV?,1
Steam Summer Sale 2019: The best deals I got for $50,1
"Mordhau r/pcgaming follow-up: Based on comments about ""it's not racist/not offensive/free speech,"" and ""it's just teens being edgy but they're not really racist,"" I decided to ask subreddits for minorities, LGBTQ, and women if they accepted the above ""explanations.""",1
Dragon’s Dogma Online game ends service on December 5 in Japan,1
"People who are still playing Battlefield V, what's it like? Is it worth getting into?",1
"tinyBuild Withholds Patches, DLCs and Bonus Content from GOG Due to Piracy Concerns.",1
Assassin's Creed Odyssey final DLC (Judgement of Atlantis) is releasing July 16th,1
In Depth game Reviews??,1
Steam works wonders for the retail PC market,1
"Re-logic, makers of Terraria state that they will never take an EGS exclusive deal and liken it to selling their souls",1
Quake Champions' olde school guns demo'd: Nail Gun. Super Shotgun. Heavy Machine Gun.,1
"Metal Wolf Chaos XD - Coming August 6, 2019",1
Shenmue 3 System Requirements Revealed; Requires 100 GB of Storage,1
Tim Sweeney says it’s Valve’s fault that backers won’t get Shenmue 3 Steam keys,1
New calculation,1
How would you rate this decade for gaming?,1
"Let's talk Optimization: What are your specs, and what balance of detail, resolution and frames do you try to achieve?",1
Does anybody know if there is a way to get custom big boxes made?,1
What I Like (and Dislike) About Krunker,1
Postal 2 Giveaway,1
DAYMARE: 1998 Gameplay Demo (New Survival Horror Game 2019),1
D.R.O.N.E Starter Edition is now free on Steam,1
Mount &amp; Blade II Bannerlord: Multiplayer Beta,1
Sounds like Hitman 2's bank stage has released!,1
Last Day of Jume now free on Epic Games Store,1
The death and return of City of Heroes | PCGamer,1
How do I explain to my parents that I can't pause my online game,1
Levelhead Patch 0.8: Rickety Relay,1
Logitech keyboards and mice vulnerable to extensive cyber attacks,1
"Planet Explorers networking code got deleted from it's server, didn't keep backups of the configuration or code for the servers. Going F2P next week with NO multiplayer, instead they are starting from scratch on Planet Explorers 2",1
"This game looks amazing , like gta but better",1
Microsoft may actually be committed to PC gaming this time,1
AMD bundles free Xbox Game Pass for three months with processors and video cards,1
Black Closet or Cultist Simulator,1
PC is the most-nominated platform in the Best of E3 2019 Game Critic Awards,1
Shenmue 3 offers refunds and delayed Steam keys over Epic exclusivity,1
"Xbox Boss Phil Spencer Talks About Giving Halo, Forza Teams Extra Time To Make Great Games",1
Does 240Hz Matter for Gaming ft. Gav from The Slow Mo Guys,1
Final Fantasy XIV is “experiencing technical difficulties due to a DDoS attack”,1
"Slay The Spire’s fourth character will be free, working on additional free content",1
Desperados III - Closed Beta Announcement Trailer,1
"Free Talk Friday Thread - June 28, 2019",1
"Magic: Arena adds a battle/season pass, gets it all wrong with daily XP caps",1
Taiwanese horror game Detention is getting a film adaptation,1
Partnerships and Old School,1
Weekend PC Game Deals - Steam Summer Sale Edition :),1
Could my 1080 Ti possibly be re-sealed?,1
“Alpha Omega”: Aether Returns – Official Call of Duty®: Black Ops 4 Zombies Video,1
AWAY: The Survival Series | Gameplay Sneak Peek,1
Halo: Reach PC 4K Playthrough | Tip of the Spear,1
HITMAN 2 July Roadmap 2019,1
The GeForce RTX 2070/2060 Super review. RTX2080 performance for almost $200 cheaper,1
ZOTAC Announces Its GeForce RTX SUPER Lineup of Graphics Cards,1
Apex Legends - Season 2 Trailer,1
"Suggest-A-Game Weekend Thread - July 06, 2019",1
Age of Empires II: Definitive Edition - E3 Demo,1
Official Call of Duty®: Black Ops 4 — Operation Apocalypse Z Trailer,1
FINAL FANTASY XIV: Shadowbringers has released on Steam,1
Black Ops 4 reaches new low,1
"eFootball PES 2020 Demo out July 30th, includes Edit Mode and 14 real teams",1
And AMD keeps frustrating intel chips: Ryzen 7 3700X beats Intel Core i9-9900k in several key tests,1
Knights of the Old Republic with a 3GB character overhaul,1
Warframe | TennoCon 2019 - trailers and announcements,1
What are your thoughts on Ubisoft's games?,1
Gamasutra - Age of Empires series brings in over 1 million players each month,1
Ars Technica got their hands on an RTX 2060 Super and 2070 Super and did some preliminary benchmarks,1
Battlefield V Bug Is Still Making Players Invisible,1
Nvidia’s New SUPER Cards!,1
[Global Giveaway]Velocifire Mechanical Keyboards+ PBT Keycaps,1
The Dark Pictures: Man of Medan - Who is Conrad? Part 1,1
Blizzard Responds To Accusations Of Censorship In Hearthstone's Latest Patch,1
G2A says “sellers would move” in response to petition asking it to ban indie sales,1
We're Donkey Crew - International team developing a nomadic game Last Oasis coming September 3rd. AMA!,1
Divinity: Fallen Heroes is a tactical RPG that blends the world of Divinity: Original Sin 2 with the action of XCOM,1
BEYOND: TWO SOULS OFFICIAL PC TRAILER [EN],1
My thoughts on G2A's official response,1
Epic CEO Tim Sweeney says exclusives “ultimately benefit gamers”,1
"PARANOID - ""The Room"" Trailer (new Game from Madmind Studio, Makers of Agony)",1
GTA VI Might Be Console Exclusive: PlayStation and Xbox Gamers are in for a Treat,1
How Diablo was completely Reverse Engineered without Source Code | MVG,1
"My Friend Pedro has sold 250,000 units in its first week",1
"Upcoming Strategy game, looks very similar to Imperator Rome with the possibility to play out the battles!",1
"Giveaway: Humble - Kingdom Come, Surviving Mars, Mechanicus, Hellblade, Tannenberg, Red Faction",1
Halo Reach Beta Information?,1
Where does the Xbox app store game saves?,1
Langrisser I &amp; II coming to PC early 2020,1
Black Mesa - Xen Technical Beta,1
Digimon Story: Cyber Sleuth &amp; Digimon Story: Cyber Sleuth - Hacker's Memory is coming to PC on October 18th as a 2-in-1 pack.,1
"Dinkum is an Aussie-themed Sandbox Game, Coming to PC in 2020",1
Chat with Al Lowe of Sierra/Leisure Suit Larry fame,1
Are there any games where the sniper scope doesn't move when you breathe?,1
Why isn’t selling games that you are finished with something you can do? It’s like we don’t even own the games that we buy.,1
Death of a Game: Gotham City Impostors,1
"Mordhau Dev Won't Police Their Fanbase, Suggests Offended Players Use the Mute Function",1
G2A offered 10 outlets the chance to publish pre-written advertorials without disclosure,1
The First 15 Minutes of Sea of Solitude Gameplay,1
Revisiting Heavy Rain: Quantic Dream's PC debut tested | eurogamer,1
Halo Reach’s Forge and Theater modes won’t be on PC at launch,1
HITMAN 2 - The Golden Handshake: Full Mission Briefing,1
RuneScape gets dinosaurs in a prehistoric update,1
Someday You’ll Return Gameplay Trailer,1
Bloodborne combat mod released for Sekiro: Shadows Die Twice,1
Cemu 1.15.9 - AMD Edition (x r/cemu),1
Riot Games teams up with Nielsen to measure brand exposure for esports sponsors,1
River City Girls - Teaser Trailer,1
Post Scriptum - Tea Time with the Devs Livestream - July 10 - 3pm (Eastern),1
"Valve Index makes VR prettier, but it's the controllers that steal the show",1
Either I had a cheater on my team or he was a smurf of the best Apex player ever.,1
"Halo: Reach PC test 'illegally distributed online', 343 prepared to ban players",1
I have some stuff to ask before I decide on a refund for Shenmue 3,1
"COD Modern Warfare All Perks, Gun Perks, and Multiplayer Details Leaked - Rumor",1
Draugen (PC) review - 2.5/5,1
My friend spent years making the most complicated control scheme ever,1
Announcing Mod Support for Total War: THREE KINGDOMS!,1
"Videogames, Media, and Crossectionality",1
"The Best, Worst And Weirdest Guest Skaters From The Tony Hawk Games",1
Security companies identify security breaches in EA Origin app.,1
Windows 10 at 70% usage on Steam,1
Anyone know the timeframe of when GOG 2.0 launcher will release to the general public?,1
"What is your favorite ""Underrated"" game?",1
The Beauty of The Sinking City,1
Cyberpunk 2077 - Night City News #1,1
BIONICLE The Legend of Mata Nui REBUILT - Announcement Trailer,1
Kindred Teaser Tralier (OPEN WORLD POKEMON Inspired game),1
Does anyone else find it extremely difficult to buy games these days because of the pricing structures?,1
Metal Wolf Chaos XD release news is coming this week,1
ID@Xbox Game Pass direct - Showcase of upcoming indie games coming Xbox Gamepass (PC and Xbox),1
Radeon - Software Adrenalin 2019 Edition 19.6.3 Release Notes,1
Get To The Orange Door Review (Early Access) - GmanLives,1
COD: WW2’s director implies Modern Warfare is controversial “for the sake of headlines”,1
Overcooked is now FREE in the Epic Games Store until July 11th!,1
My Spaceship MMO Wishlist,1
Does lowering your resolution effect your gameplay?,1
"EA: ""I struggle with the perception that we're just a bunch of bad guys""",1
Is anyone still playing Citizens: Giants Kabuto?,1
A very informative insight by Mortiel,1
RuneScape's Land Out of Time - Launch trailer,1
The Alliance Alive HD Remastered - Comparison Trailer - 3DS vs HD,1
Partial Control Trailer - Basically it's a crazy cyborg fight simulation in which you have to predict what's going to happen to win.,1
[Digital Foundry] Heavy Rain on PC: A True Upgrade Over PlayStation 4?,1
Fans Request to add Keanu Reeves in S.T.A.L.K.E.R. 2,1
"Dual Universe, Dev Diary - Alpha 2 coming 11th July, adds Industry gameplay and Graphics improvements",1
"Rumor: New Open-World Tron Game In Development, Coming in 2021",1
Pigeon Simulator - Official Announcement Trailer,1
"Google Stadia, it looks like you are expected to pay for the games on top of subscription",1
Halo MCC Flight One has begun,1
How good is Vampyr?,1
DISSIDIA FINAL FANTASY Tifa Reveal,1
Recommended websites for exclusively PC content?,1
Bandai Namco's Online Action RPG 『BLUE PROTOCOL（ブループロトコル）』PV,1
Having fun with the Borderlands 2 universe... But jeez are these missions long.,1
Jedi: Fallen Order's lightsaber will be more vibrant following E3 criticism. But it still won't cut limbs off.,1
AMD Ryzen 3000 Series Launch Megathread,1
So is EA going to remake battlefield 2142 or wut?,1
Black Mesa (Half-Life 1 Remake) - First 6 Minutes of Xen,1
Why does increasing FOV have almost a negligible impact on framerate compared to increasing resolution?,1
Fleet Carriers coming to Elite Dangerous this December,1
Ex blizzard employee gives insight on the failure of HoTS and the downtrend in blizzard as a whole,1
TennoCon 2019,1
Triternion's (Mordhau devs) official statement in regards to recent events,1
Kingdom Come: Deliverance - Victoria Hogan on Being Theresa,1
"New Vegas mod shows your character name, location, current action &amp; more to your Discord profile in real-time",1
Do you mind having to be always online for Hitman 2?,1
"'Farming Simulator,' 'Vampyr' lead Focus Home Interactive to record fiscal year",1
Stuck between Samsung 970 EVO Plus 500 GB SSD VS Crucial MX500 1 TB SDD for gaming and boot up.,1
"NVIDIA to announce GeForce RTX 2080 SUPER, 2070 SUPER and 2060 SUPER on July 2nd",1
"The Last Night update: ""we got UK video game tax credit on the line, they apologized for the massive delay, payment is on the way, we’re all good. We should have great news to announce in the upcoming months""",1
"Not a breakthrough, but maybe progress in terms of loot boxes in the UK.",1
VR Headset Sales for 2019 Are Already Impressive,1
CD Projekt Red has three teams working on three Cyberpunk titles (Polish Article),1
"When you download mods, how do you activate them?",1
"Metal Wolf Chaos XD now available for pre-order on GOG, exclusive GOG Galaxy themed skin",1
Does anyone else dislikes ultra sharp shadows?,1
"Is it true that publishers can sell Steam keys directly to customers without having to pay Valve the 30% cut? If so, isn’t Steam already a near perfect platform? Why is Epic behaving like the saviour of PC gaming?",1
PSA: The new AMD Ryzen 3000 series releases today.,1
GRID(Reboot) – Now Launching October 11,1
PUBG Corp. announce new studio Striking Distance headed by Sledgehammer's Glen Schofield,1
Wolfenstein: Youngblood will be the series first game to release uncensored in Germany,1
Jupiter Hell summons players for a weekend demo,1
Getting bored of games then going back to them?,1
What I Like (and Dislike) About Apex Legends Season 2,1
"Rumor: The next GTA is codenamed ""PROJECT AMERICAS""; inspired by Netflix's Narcos",1
Sea of Solitude Launch Trailer,1
"July 2019 PC game releases: Shadowbringers, Wolfenstein, Beyond: Two Souls, and more",1
Nintendo takes battle royale version of Super Mario Bros offline for a second time,1
"Tim Sweeney blames Valve for crowdfunding uproar, claims Steam ""traps crowdfunded projects"" on their platform",1
Wait for console specs before upgrade?,1
"The Sinking City - Game based on H.P. Lovecraft - Game Evaluation after 25 hours of gameplay, happy to chat about it.",1
Super Bunnyhop: Turning Life Into a Game for the Sims,1
HotS failed because – thanks to WoW – Blizzard was “too late” to react to Dota,1
Grimbeard - Pathologic 2 (PC) - Review,1
CRYSTAR Character trailer,1
What are your thoughts on Mafia 3?,1
Apex Legends Season 2 – Battle Charge Launch Trailer,1
Steam:Top Releases of May 2019,1
A unique horror game that puts you in the role of a late night radio talk show host who attempts to give advice to various callers who are being stalked by a homicidal maniac.,1
Former Blizzard boss discusses the death of Titan and the birth of Overwatch,1
"Developers talk on what they think of Xbox Game Pass: ""With Game Pass they're doing it correctly for the developers.""",1
"The Most ""American"" Games of All Time",1
User Benchmark Score discussion,1
Gamers Nexus: NVIDIA RTX 2070 Super &amp; 2060 Super Review: Killing Radeon VII,1
"Left Handed, undecided on what hand to use my mouse with once I get a PC.",1
"Due to a pricing error, PAYDAY 2 with all DLC is 94% off, making it about $5.",1
"Atelier Ryza: Ever Darkness &amp; the Secret Hideout is coming to the west on October 29, 2019 for the PC Steam.",1
Riot Games Refutes DFEH Allegations,1
LinusTechTips: Are Wireless Gaming Mice ACTUALLY Faster?? Testing with a 4K 1000fps camera.,1
Hollow Knight: Post E3 Wrap Up and Silksong Systems Update,1
"Valve needs your help testing ACO, a new Mesa shader compiler for AMD graphics!",1
The Division 2 still has secrets for players to discover,1
"ENCODYA free demo with 1 hour gameplay released on Itch.io for Win, Mac, Linux! Point'n'Click adventure game with stunning art! Have a try and let me know what do you think.",1
"""The option to play non-lethally may impact the multiple endings of Cyberpunk 2077."" With character customisation right down to sexuality, and the option to be a pacifist or lethal""",1
"The developers of Dying Light fixed complaints of ""poor optimization"" by reducing what the ""maximum"" settings actually did. People are less concerned with how a game looks, than whether or not they can play with settings ""maxed out"".",1
"G2A says it'll pay devs 10x the money lost on fraud chargebacks, if they can prove it",1
Disney’s Cold Iron Studios continues hiring for the next Alien game.,1
Bungie delays Destiny 2 patch to avoid crunch,1
[Giveaway] Giving away PUBG steam code,1
Two year prison sentence handed to perpetrator of DDoS attacks against Daybreak Games,1
"In 2014, Middle-Earth: Shadow of Mordor requires 6 GB of VRAM for ""ultra"" textures — how many games ask for even 8 GB or more now?",1
Torment: Tides of Numenera now available on Game Pass PC,1
Bandai Namco announces new Unreal Engine 4 MMORPG for PC - Blue Protocol,1
Can you get a $5 game for free with Bonus Savings Mode in the Steam Gran Prix event?,1
Universe Sandbox ² will have a Future Price Increase (From $24.99 to $29.99),1
"""GODS"" - Black &amp; White clone with support for VR. [Indiegogo]",1
The Hive - Alien insect army under your command!,1
"Take-Two wants quicker Rockstar Games releases, less content at launch, shorter gameplay",1
Logi(tech) Support is Terrible,1
"Victory At Sea Pacific - 1.5.0 New ships, New Factions",1
Post Scriptum - Steam Summer Sale - 40% off,1
The Microsoft store version of Metro Exodus is a fucking joke,1
"Risk of Rain 2:Scorched Acres Content Update has released; Adds new stage, boss, survivor and more",1
Why are there so few games about gangsters?,1
"GOG private policy, good? bad ?",1
[GIVEAWAY] The World is Your Weapon steam codes,1
"Total War: Three Kingdoms was the #3 best-selling game of May 2019 in the US, the first time a PC exclusive has ranked in the top 3 since Diablo III was the best-selling game when it launched in May 2012.",1
Cuphead – The Delicious Last Course – Teaser Trailer,1
Streamed Games and Preservation,1
tinyBuild responds to news of them restricting GOG updates due to piracy concerns,1
Black Mesa :: Some Release Dates,1
"""G2A do not care about the people who make games"", says Descenders Publisher",1
"Gylt, Google Stadia exclusive, may come to other platforms eventually",1
What is the problem with epic exclusivity?,1
Street Fighter's Queer Stereotypes Kept Me In The Closet,1
Cuphead devs say it would be a “dream come true” to make a Zelda game,1
"[GIVEAWAY] PC gaming, tough times, and the celebration that is Steam Summer Sale",1
"Cyberpunk creator Mike Pondsmith says 'everything is political', including his game",1
Gabe Newell on exclusivity in the gaming industry,1
[Givewayay] Call Of Duty Black Ops 4 - Humble Bundle,1
Mushrooms - Reveal Trailer,1
Stranger Things 3: The Game has released on Steam,1
Say what you want about Bethesda but their in game Customer service is brilliant.,1
Which series would you be more excited to see revived: Rise of Nations or Empire Earth?,1
NAVI REVIEW: Radeon RX 5700 and 5700 XT Benchmarks vs RTX 2060 + 2070 Super!,1
"Why on earth would RPS publish a ""Best Gaming CPU"" article 3 days before the release of Ryzen 3000?",1
A third of Cyberpunk 2077 PC pre-orders have been purchased through GOG,1
"Game Pass Is A Decent Business Model, But We’re Not Getting Paid Enough- Former Paradox Interactive CEO",1
Nintendo Switch PC Emulator Yuzu is already able to Run Super Mario Maker 2,1
Borderlands 3 “wouldn’t be as good as it is now” without Battleborn,1
Ja Mod STALKER Clear Sky,1
I think I figured out how to solve G2A,1
"This gaming chair is the only ‘Mercedes’ I can afford, but it’s still not cheap",1
"AMD competing with itself, consoles VS 200-300$ midrange PC GPUs",1
GreedFall releasing on September 10th 2019,1
Portal Bundle is crazy cheap on Steam atm,1
Skywind - 'Call of the East' Trailer 2019,1
Streaming games on pc/console,1
"Valve have released the CAD files for the Index VR system, enabling some fun modding",1
TaleSpire wants to be the digital tabletop roleplaying system of your dreams,1
"NVIDIA confirmed the RTX series to be launching with SUPER name on it (2080, 2070, and 2060)",1
Russian Defense Ministry Claims Metal Gear Video Game is U.S. Intelligence Project,1
Check Point Research: Origin patches flaw that could have exposed millions of player accounts,1
Visage — Early Access Announcement — New Chapter,1
Mighty Switch Force! Collection - Official Announcement Trailer,1
"Despite the deal with Epic regarding Shenmue 3, is it worth it knowing all the stretch goals (almost all of them) will be fulfilled?",1
"Twitch's new subscriber only streams appear to break the TOS of many companies if you play their games while in the mode including Riot, Blizzard, Valve, and more.",1
A review of ZED,1
Inside the intricate world of video game cartography,1
What do you do with old hardware when you upgrade?,1
Games showing Xbox icons while using a DS4 controller,1
Raziel sculpture from Soul Reaver,1
Song of Saya Remastered Coming to PC This Month,1
Valve to keynote US GamesIndustry.biz Investment Summit,1
How id built Wolfenstein 3D using Commander Keen tech,1
GOG Galaxy 2.0 combines all your game launchers,1
Ion Maiden announcement for July 11,1
"Netflix released photos for up coming series""The Witcher",1
How do I adapt to gaming on a PC?,1
Vici Gaming wins Dota Epicenter Major after 3-2 slugfest against Liquid,1
"@343Postums: Emails are prepped ✅ Users are selected ✅ Flighting is a Go✅ Blog is in final review ✅ Remember, the user group is small, but flight invites will go out within the next hour or two and then blog will go live later this afternoon after final reviews have been completed.",1
Valve Index Launch Party Speech,1
"Conception Plus: Maidens of the Twelve Stars coming west for PC on November 5th in North America, November 8th in Europe",1
CODE VEIN - Great Sword Weapon Trailer,1
GWENT: Novigrad Expansion Released,1
Death Mark's Successor NG is coming to the West on PC,1
Friday the 13th’s Steam Summer Sale Has Brought Jason Back from the Dead by Slashing 80% Off the Price,1
Final Fantasy 8 Remaster will feature English/Japanese voices according to its official website,1
"How a video game community filled my nephew's final days with joy(The Guardian, Elite:Dangerous)",1
Boundary - Teaser Trailer (New Astronaut FPS with Physics-Based Destruction),1
Final Fantasy 14 Servers Go Down Due To DDoS Attack Amid Shadowbringers Early Access,1
Druidstone Review (RPG Codex),1
Game Pass Ultimate is $1/£1 to upgrade your existing/new Gold subscription (Not monthly) - Ends in 2 days.,1
Rainbow Six Siege 3v3 western-themed showdown event is live,1
Advice for dealing with sweaty hands?,1
Rogue Wave: Sink them all! | World of Warships Battle Royale Mode,1
"History, Hate, and Trusting the Player",1
"Ryzen - How AMD saved PC Gaming, FORCED Intel to improve",1
Thoughts on Mist Survival?,1
The Walking Dead: The Telltale Definitive Series coming exclusively to Epic Games Store on September 10th,1
Instant gaming wanted my id,1
Early Ryzen 3000 adopters can’t play Destiny 2,1
Obsidian asserts The Outer Worlds is more 'humorous' than 'politically-charged',1
"God of War 3, Sly 3, P5 Persona, Dante’s Inferno &amp; more running on PC via the latest version of RPCS3",1
The human cost of Call of Duty: Black Ops 4,1
Monster Jam Steel Titans - Release Trailer,1
Pulang: Insanity Official Story Trailer,1
Developers telling people to PIRATE games instead of buying from G2A (since they don't get paid either way and would rather G2A not get any money),1
Gears 5 Versus - 4 Things To Know About Escalation,1
"What a re your thoughts on the massive rise of ""auto chess"" games with Underlords and Teamfight Tactics being so popular?",1
The old and new in Age of Empires 2: Definitive Edition: “we’re done adding civs”,1
title,pc_sub
Just built PC but can’t seem to finish all the games,1
So the rockstar games launcher,1
Shenmue 3 Kickstarter backers can still request a Steam key but getting one isn’t guaranteed,1
Early Access release date for Chernobylite announced (Oct 16) along with a video showcase of initial content,1
Borderlands 3 - DX11 and DX12 testing - 3900X + Vega 56 @ 3440x1440,1
GRID Preview - No Comment Gameplay,1
Game Pass Game Installation,1
PC Game Advice - Where did everyone go?!,1
Team liquid disbands (Dota),1
Conan Unconquered- Belit's Fury Update Now Available!,1
Commending Hell Let Loose,1
Why is checkerboard rendering still not available on PC?,1
Download the new Rockstar Games launcher and get a free copy of Grand Theft Auto: San Andreas,1
Current best modern FPS?,1
"Man of Medan: PS4 Pro vs Xbox One X vs PC Graphics Comparison, FPS Test And Engine Analysis",1
AI: The Somnium Files has released on Steam,1
Rebel Cops has released on Steam and GOG,1
UK Officials Say Loot Boxes Are Gambling In Damning Report - [Jim Sterling],1
You're going to need at least an RTX 2080 to get 1440p ultra 60fps from Borderlands 3,1
Anthem lands on Origin Acces Basic [PC] and EA Access [consoles],1
"Dota 2 players have been receiving absurdly long bans from the game, some even reaching up to two decades in length",1
Untitled Goose Game Launch Trailer,1
Infinity: Battlescape - Official Steam Trailer,1
How many of you like me use a controller for the majority of your gaming? (A few exceptions online competitive games being one),1
Katanakami Announcement Trailer (Way of the Samurai spin off),1
IGA still has plans to make Bloodstained a series,1
Far Cry New Dawn Benchmark - Proton vs Windows 10 (97% on Ultra),1
"What key do you prefer for ""interact"" in 3D story games, E or Left Mouse Button?",1
Control is everything I’ve waited for from Remedy.,1
Neo Cab - Release Date Trailer (October 3rd),1
Any good PC Gaming magazines or books.,1
Shadow Of the Tomb Raider is on sale on steam right now,1
WB Montreal teases new Batman game,1
GreedFall REVIEW - Solid Landing,1
PC Gamers: JRPGs or WRPGs?,1
Pc gaming hurts my body,1
Tom Clancy’s Ghost Recon® Breakpoint – Closed Beta to Open Beta Improvements,1
Battlestar Galactica: Deadlock - Resurrection details,1
"Troy, A Total War Saga confirmed",1
Assassin's Creed Odyssey: Discovery Tour,1
"EGS: 6 Free ""Batman"" Games / ""Metro 2033 Redux"" &amp; ""Everything"" coming next week",1
"Nioh 2 won't have an ""easy mode""",1
Steam Library Beta going live at 10am PST (3 hours from now),1
We need more games where you play as a truly terrifying monster.,1
Keyboard Shoulder Hurts,1
Call of Duty Modern Warfare Beta now available to preloadon Battle.net,1
Munchkin: Quacked Quest - Teaser Trailer (4 player Action co-op game),1
Report: Modern Warfare PC Beta Files contains many references to Battle Royale,1
The AI Games giveaway,1
What are some of the most memorable names you have run across in the online gaming community?,1
Anthology of Fear - Official Trailer,1
The Beast Inside | Release Date Reveal Trailer (October 17),1
"Star Wars Battlefront 2: New Planet, Modes, and Reinforcement — Community Update (Felucia, Co-op, and Instant Action)",1
Borderlands 3 outsells Gears 5 by more than four times in UK retail charts,1
You can now play Grand Theft Auto V offline again,1
Side platformer games control,1
Modern Warfare Open Beta has begun.,1
The gtx 680 is still a beast*,1
"Microsoft, its time to fix Games for Windows Live",1
Bloodstained available for download on PC Xbox Game Pass!,1
Train Simulator 2020 - OUT NOW!,1
Truck Mechanic: Dangerous Paths Trailer,1
Twitch acquires the Internet Gaming Database,1
"Thank you, EGS, for making PC gaming better by finally teaching us NOT to pre-order",1
SYNAPTIC DRIVE Announcement Trailer,1
WB Games says “capture the Knight” in a new Batman game teaser,1
The Vision Promises a Time-Travelling Adventure Like No Other - OnlySP,1
GRID | 'Get Your Heart Racing' Trailer,1
"Call of duty: Ghosts: What's the point of using 1080p resolution if you have to tinker with the ""image quality"" settings?",1
"Tech Support and Basic Questions Thread - September 22, 2019",1
Little Misfortune is out on GOG and Steam,1
Borderlands 3 has sold in 5 million copies after its first 5 days of launch making Borderlands 3 the fastest-selling title in 2K history and highest-selling title for the label on PC.,1
Detroit: Become Human - PC Teaser Trailer,1
US gamer jailed over 'swatting' death - eGamingDesk,1
Interview with John Alfonso Romero — the man who created Doom and Quake,1
"Free Talk Friday Thread - September 13, 2019",1
An issue with game gambling I don't see talked about.,1
Pc gamers - favourite live streaming platform for games?,1
The case around modification of software after sale,1
Borderlands 3 PC Graphics Comparison on Low/Medium/High/Ultra,1
Anti-aliasing at 1440p,1
"Suggest-A-Game Weekend Thread - September 14, 2019",1
Archeo: Shinar was fully released on Steam and GOG,1
Play all of Funcom's Conan games for free this weekend,1
Gears 5 has released on Steam,1
Shenmue III release date on steam shoes Nov 2020?,1
Succubus: Cherub Trailer,1
No Straight Roads TGS Trailer (Releasing 2020),1
Do people on this sub actually play/enjoy playing games?,1
Your rare achievements on Steam will now glow gold,1
What's going on at PC Gamer?,1
Borderlands 3 Review - Loot All The Guns,1
Can this idea for reducing latency on Stadia apply to PCs?,1
Untitled Goose Game review - Rock Paper Shotgun,1
"Gears 5 is a Bit of a Flop on Steam, Twitch, and Mixer",1
[Giveaway] Cities: Skylines,1
State of Decay 2 on PC?,1
Why has there been no advancement in character models in the last 6 years?,1
"112 Operator, sequel to 911 Operator, has a kickstarter and just released stretch goals. The game is already in alpha and so far I'm having lots of fun with it. Check it out.",1
Running modern games on a vintage CRT monitor produces outstanding results according to this article,1
DRM is really scary,1
Siege of Centauri - Release Trailer,1
The New Steam Library,1
"Conarium is now available for free on Epic Games Store, a Batman game will be free on September 19th",1
Do you think the Gamers demand for $60 and not adjusting to inflation is the cause of Microtransactions?,1
What is the Last Demo/Beta that convinced you to buy the game Day One?,1
Gaming ADD?,1
GTX 1050 Ti Benchmark | Assassin's Creed: Odyssey |Ultra Settings | 1080p,1
John Wick Hex Releases on October 8th on the Epic Game Store,1
"Codeweavers Interview about the history of Wine, Codeweavers' partnership with Valve to create Proton, and the future of gaming and software on Linux.",1
Dragon Audit - Announcement Trailer (Indie 3d game inspired by point &amp; click genre classics),1
Every Cyberpunk 2077 quest will be handcrafted.,1
"Milkdrop is back, but this time in Wallpaper Engine! Even though this isn't the Winamp plugin, it still really whips a llama's ass!",1
A Total War Saga: TROY - Campaign Map Reveal,1
Look out for Free MW Early Access Keys from Nvdia Geforce,1
Bungie ViDoc – The Moon and Beyond,1
Weekend PC Game Deals: Get overloaded on Caped Crusader adventures,1
DRAGON BALL Z: KAKAROT - Buu Arc Teaser (Release Date January 17th 2020),1
Ready Or Not (closed alpha) - Dev Blog 4,1
Weekend PC Game Deals: Get your horror fix before delving into space,1
I fear that the next Assassins Creed could be Epic Exclusive,1
"Player Spends $62,000 In Runescape, Reigniting Community Anger Around Microtransactions",1
What are your unbelievable experiences in games that nobody would believe?,1
"While I love Planet Coaster, Frontier's exploitation of consumer's with cheap DLC is sad.",1
PC gaming is about to die.,1
"Cobblin' Goblins - Sign up for the free beta (from Transhuman Design, developers of King Arthur's Gold)",1
Call of Duty: Modern Warfare cross-play will support mouse and keyboard on console too,1
Exploring Steam Jank: eBall,1
Mount and Blade II: Bannerlord beta invites going out.,1
Shenmue III backers may not get Steam keys after asking for them,1
GreedFall Review - PCGamer,1
"Last Oasis Developer Supports Epic Games, Looking Forward to Cloud Gaming",1
"Which games initially disappointed you, but eventually turned out great?",1
"Dead Cells Developer Teases Two More Years of Content, Possible Sequel",1
I took a 5 year break from PC Gaming. What are some big (or lesser-known!) games I should play?,1
"Capcom wins patent infringement lawsuit against Koei Tecmo, KT ordered to pay Capcom 1.34 million USD",1
Devil's Hunt is now available on Steam,1
Spending $60 On a Video Game Doesn't Make Sense Anymore.,1
"Next Major Mega Man Game Still in Development, Says series producer Kazuhiro Tsuchyia",1
"Take-Two attempts to shut down the ""Red Dead Redemption PC Remaster"" project",1
"If you're looking to play FIFA 20, be aware the game must not lose focus throughout the duration of an online match",1
PUBG - New Feature - Survival Mastery,1
Micro transactions added to Sea of Thieves,1
Batman Arkham Knight - Denuvo Vs Non Denuvo Comparison ( Tested at 1080p High and 720p Low ),1
In case you guys are on the lookout for active Commandos community...,1
Archeage Unchained Delayed - New Launch 15 October,1
MotorStorm Apocalypse | PC Performance Test | RPCS3 PS3 Emulator | 4K gameplay!,1
RPCS3 (PS3 Emulator) Progress Report: July 2019,1
Police Stories has released on Steam,1
"Intel raytracing tech for all DX 11 cards and above. Limited in scope, though.",1
What are your thoughts on G2A?,1
X4: Foundations - Version 2.60 Public Beta 2 is now available,1
Planet Zoo Developers - AMA!,1
Kind Words (lo fi chill beats to write to) has released on Steam,1
Why does Wolfenstein II: The New Colossus use pre-rendered cutscenes?,1
"PSA: Things labled as ""gaming"" are almost always crap",1
Dwarf Fortress: Villainous Networks and Investigations,1
Session - Early Access Launch Trailer (Out Now!),1
GreedFall has released on Steam,1
Half life 1 or 2?,1
"ESA ""strongly disagrees"" with UK DCMS loot box report",1
"Borderlands 3 Optimization, Fix Low Framerates With Virtually No Visual Downgrade - Hardware Unboxed",1
"Older gamers (30+), which games in last 5 years did you enjoy the most?",1
"I miss the magic of 90s PC gaming so much, what actually happened?",1
"New NEOGEO Arcade Stick Pro includes 20 fighting games preinstalled, can be plugged into a PC",1
"""as long as it doesn't affect gameplay I'm ok with micro transactions"" while paying $60 for a game",1
The making of Gears 5: how the Coalition hit 60fps - and improved visual quality,1
Sharpening filters should ALWAYS be available in game options when TAA is the devs preferred AA method,1
Outbuddies launches October 15 on PC,1
AMD APU 3400g is great for budget gaming. Gears 5. Close to 60F FPS at 1080p.,1
Dragon Ball FighterZ DLC character Gogeta (SSGSS) launches September 26,1
Dirt Rally is free to keep on Steam for a limited time,1
Google Stadia Founder's Edition is nearly sold out,1
Iron Harvest: Beta-backers can now play and join supporters-only Discord,1
Nintendo sues another ROM site for “brazen” copyright infringement,1
The Surge 2 review - Not quite a rush,1
Am I the only one hate new fps games because of this?,1
Shenmue 3 Refund Refused to Backers Who Switched From PC to PS4,1
"Cod MW beta, how these gaphics acceptable in 2019 ?",1
The Offspring to Perform Inside 'World of Tanks' Online Game,1
Free weekend for Deep Rock Galactic!,1
It's just a launcher - a rant,1
‘Shenmue 3’ Refunds Begin Soon,1
What is your “main” pc game?,1
Larians Great Valve Heist [How Larian got cross-platform saves for Divinity Original Sin 2 on Steam/Switch],1
"Gonna be frank, Sonic mania is the shit! Have a steam key for it.",1
To those wondering how digital reselling can work for Valve check out this Extra Credits video. Digital reselling has been on the cards since the EU ruled that digital products were owned by the consumer.,1
Romancing Saga 3 releases November 11 on PC in the West,1
"Borderlands 3 PC players are dumping on the game, in Bordelands 2’s steam forums.",1
"Apple just signed the sequel to the 95% rated Steam game ""Enter the Gungeon"" as a (timed?) exclusive to their new game subscription service.",1
"New Control patch to be released later: ""Improved general frame-rate performance through optimisations made to multiple systems and content. Improved title stability on all platforms""""",1
"[PC Gamer] ""PlanetSide Arena's 240-player battle royale is pure chaos""",1
Nier Automata,1
"Which game / franchise would you like for it to be developed by another company? For instance, Borderlands by CDProject, SW Battlefront by Bungie, etc",1
Freeware games curation resource?,1
Red Dead Redemption 2 PC Denied Classification Twice In Australia,1
"With the new cod being cross play, how can I talk to my friends on console?",1
Crying Suns has released on Steam and GOG,1
Discord Nitro subscription service drops games,1
Call of Duty: Modern Warfare and the Cruel Realities of White Phosphorous,1
Devil's Hunt - Launch Trailer [PC],1
Open world indie game Hardland is released today,1
Ni no Kuni Wrath of the White Witch Remastered has released on Steam,1
Lakka 2.3 released - with RetroArch 1.7.8,1
"So, do you think the amount of shovelware on Steam such as 'asset flips' will result in second video game crash?",1
New Hell Let Loose Trailer - Come Join the Pre-market Fun!!!,1
Best upcoming games in 2019,1
The best teaser trailer for a video game ever.,1
The Surge 2 - Symphony of Violence Trailer,1
User review sites for games?,1
Which is a bigger advantage in competitive gaming? Ultrawide Monitor vs Higher framerate monitor,1
Anyone know of a good crpg to play,1
"Chinese gamers are review-bombing Warframe because apparent the ""Country"" settings seperater China from Taiwan and Hong Kong.",1
What is your one biggest defining moment out of all the games you've played?,1
Signal Decay Trailer[Early Access Launch],1
"ESA proposes rebranding E3 2020 as ""fan, media, and influencer festival"" in leaked document (10,000 additional tickets for consumers)",1
The Bradwell Conspiracy - Reveal Trailer,1
"So, KFC just announced Colonel Sanders dating simulator",1
Do people still care about the Box art?,1
Bloody Rally Show - violent old school 2D racing,1
OPINION: Games Journos are wrong to want an easy mode in all games,1
ZeroTier,1
Halo: Reach Evolved Version 2 mod coming to MCC (Master Chief Collection) when it releases on PC,1
PC gamers: Are you buying a Nintendo Switch (Lite)?,1
Modern Warfare (2019) Early Access Beta Code Giveaway,1
Wasn't Valve supposed to announce their new VR game at Digipen today?,1
BATTLETECH - 1.7 Update Release Notes,1
AI: The Somnium Files | Release Trailer,1
"Heaven &amp; Earth mod, for CMSF2, presents 'The Delta'",1
Bug or extreme graphics dumbdown Call Of Duty MW Beta on PC,1
Which video game scenario would you want to see on the movies,1
Grandia HD Remaster for PC delayed to October 15; Grandia HD Collection update planned for November 12,1
pSA: uPlay+ trial isn't a free MONTH! On 1st October you'll be charged no matter when you signed up,1
Racial Stereotyping May Be Why Video Games Are Blamed For School Shootings,1
"My adventure game ENCODYA just entered its last week of crowd funding! Here the trailer. If you like it, please consider a contribute (Kickstarter link in the comments)",1
As they were discontinued I wrote a little guide on setting up Steam Link on a Raspberry Pi! Let me know what you think! :),1
AGONIA - Indie RPG - Newly opened - Free &amp; no microtransaction - Browser - Unique universe,1
World Of Warcraft Battle For Azeroth - Who Are The Naga ?,1
"[Giveaway] I have steam keys for Hiveswap act 1, deep sky derelicts, and Cat Quest.",1
Our indie studio wanted to board massive capital ships in 1st person and fly spaceships in 3rd person...,1
Best Melee Button For FPS.,1
Endless Space collection is free on Humble for a limited time,1
Borderland 3 performance issue : Turns out DX12 was the solution (at least for me),1
System Shock 3 Pre Alpha Gameplay Teaser (OtherSide Entertainment),1
Any game out there like MTG: Shandalar?,1
What happen to RetroArch release on steam?,1
"Shadow Warrior 2 and Bloodstained Ritual of the night, are now available on the xbox game pass for pc",1
List of HDR supporting games?,1
Is it worth investing in a newer SSD for loading times?,1
The Atmospheric Worlds Of Infinity Battlescape,1
"(UK) Ban children from gambling in games, MPs say",1
Loot boxes - The beginning of the End.,1
"Gaming injuries ‘same as basketball players’, says doctor",1
CoD Minimap,1
Giveaway of four Steam keys,1
Atelier Dusk Trilogy is coming to PC (PS4 &amp; Switch as well),1
War of Rights - Field Report 43: Artillery Progress Update,1
I left my job at Riot Games to make my dream online game inspired by games like Mafia/Werewolf and Trouble in Terrorist Town. After 14 months we are finally entering our closed alpha 👽👽,1
Mutazione has released on Steam and GOG,1
"This is the 13th major update for our Early Access game Fort Triumph, dubbed a “fantasy X-COM”. Listening to the community works like a charm for us!",1
"Let's talk about the Nvidia Sharpening filter, and you thoughts and settings on it.",1
The Escapists 2 and 5 other games added to Origin Access Basic,1
Larian's Great Valve Heist,1
GreedFall - Review Thread,1
The Long Dark - Episode 3: Crossroads Elegy (Releasing October 22nd),1
The Black Masses - Free Demo Teaser(Full Trailer Debuts Sept 26th),1
Arkham Knight with/without Denovo in game benchmarks,1
ArcheAge Shadows Revealed - Enhanced Graphics 2019,1
Deadly Premonition 2 is apparently not coming to PC,1
Anyone else losing interest in gaming?,1
Voting is open for the Golden Joystick Awards 2019,1
"What's a game you keep going back to, even if just for little dips here and there?",1
[DigitalFoundry] Control DLSS Analysis: How Nvidia's AI Scaling Tech Has Improved &amp; Evolved!,1
"Tom Clancy’s Ghost Recon® Breakpoint – Year 1 Intel and Purchasable Content (Crafting materials ""time savers"" purchasable with real money)",1
"Gears 5 is ""Xbox Game Studios’ best-ever debut on Steam.""",1
"What Are You Playing Thread - September 17, 2019",1
"New releases, led by Borderlands 3, shake up EMEAA charts.",1
Today in Dwarf Fortress... - A Lost Outpost in The Far North.,1
Devil's Hunt - Savior Trailer,1
"When fullscreen, shadows blur.",1
Spiderweb's Queen's Wish: The Conqueror released,1
Batman Arkham Knight DLC ‘now free via Epic Games store too’,1
A Total War Saga: TROY - Announce Trailer,1
Atelier Ryza TGS 2019 Story Trailer,1
Forced regional language when buying games,1
"Would a ""Total War/Simcity"" Collaboration be a Good Idea?",1
"WoW: Patch 8.2.5 goes live on September 24 (US)/September 25 (EU). It will conclude the BFA War Campaign, add new Goblin and Worgen models and more!",1
Cyberpunk 2077 — Official E3 2019 Cinematic Trailer | Behind the Scenes,1
42 Minutes New Gameplay – The Outer Worlds,1
Greedfall has being out for a week does everyone think off it?,1
"PSA: Modern Warfare BETA: Here is a simple config.cfg change that will remove the horrible ""bugged"" blur.",1
How Online Tech has Changed Shopping for the Better (discusses the benefits of sites like G2A),1
"Intel's Gaming Access Newsletter sent a code to people subscribed that can be redeemed for a free game of their choice. Out of the few ""games"" they offer, one is a free mmo, the other one is an mmo that shut down, and another is an education software.",1
Rockstar Has Its Own PC Games Launcher Now,1
Max Pears says you can't romance Keanu Reeves in Cyberpunk 2077,1
Killer Queen Black comes to Steam in October,1
Obsidian Entertainment just opened up 12 new positions. The studio - as already reported before - now lists over 200 employees.,1
"""Sang-Froid - Tales of Werewolves"" is still free on Steam and GOG",1
Criminals work with www.cdkever.com,1
Are you ready for just one more new PC launcher? From Wargaming.net,1
VietDoom Dev Diary 1,1
Typing RPG Backspace Bouken has a new Steam demo,1
"Ubisoft Will Not Return to Creating Shorter Games, Says CEO",1
"Nioh 2 launches in early 2020, TGS 2019 trailer Released.",1
Is EA working on a Lord of the Rings game?,1
Why is Integer Scaling a premium feature avalaible on more expensive components ?,1
[EpicGamesStore] The Batman Arkham Collection is DRM free after installing.,1
The Last Roman Village - 50% OFF,1
The incoming Steam game library page is a wrapper,1
What Is Variable Rate Shading? A Basic Definition of Nvidia VRS,1
Whats been the saddest detail you've noticed in a game?,1
PSA: Call of Duty : Modern Warfare is a DX12 only game ; Windows 10 required to play.,1
How do I keep mouse sensitivity similar in each game?,1
Shenmue 3 TGS Mood Video - Spirit Of The Land - CERO,1
Empyrion galactic survival,1
Ni no Kuni: Wrath of the White Witch Remastered - Launch Trailer,1
Only 24 titles on Xbox Gamepass for PC?,1
"Suggest-A-Game Weekend Thread - September 21, 2019",1
Blasphemous is out on GoG,1
"This Land Is My Land, anyone play it yet?",1
Why are so many games still with dx11 and not dx12 (and why is Vulkan not that popular?),1
Fallout 76 players aren't impressed with the new $7 fridge,1
ONE PIECE Pirate Warriors 4 - Tokyo Game Show Trailer,1
"For the past 4.5 years, I've been developing an Area 51 themed puzzle game. Today, I'm releasing a free unplanned demo ahead of the closed beta release.",1
"As you get older, do you find yourself only playing the same games?",1
The world’s most freakishly realistic text-generating A.I. just got gamified,1
PC gaming in China: 312 million players generating $15.2 billion in revenue in 2018,1
Does anyone know if the free Lego Batman 3 version on Epic Games include the dlcs?,1
New SilentPatch releases with support for Rockstar Games Launcher version of GTA: San Andreas,1
GOG Galaxy 2.0 Atlas Update overview,1
"Check out Crying Suns on GOG. An awesome successor to FTL! Just released today, and there is a demo available.",1
"When putting your own new pc together, is there anything worse than having to wire LEDs for the chassis? I cringe every time.",1
Indivisible Animated Opening by Studio TRIGGER and Titmouse (FULL VERSION),1
"So Rockstar trojan horsed their new launcher into the Steam version of GTA V, and you can no longer play while in offline mode.",1
The surge 2 - motion capture,1
Why IGI didn't continue its game series?,1
Warner Bros and Funcom have removed Denuvo from Batman: Arkham Knight and Conan Unconquered,1
Every game should copy Death Stranding’s “Very Easy Mode”,1
Risk of Rain 2 Skills 2.0’ Content Update,1
"We're the team behind Clone Hero, a plastic instrument-based rhythm game. AMA!",1
Epic Refund Stinginess,1
Rugby 20 Trailer,1
Borderlands 3's Launch is A Huge Success Despite Launching On the Epic Games Store,1
Dragon Age Writer Opens Game Studio for New IP,1
Wasteland 3 with MS help allows high production values &amp; lots of content (50+ hours)- Dozens of different endings,1
"3 failed prototypes and 4 years later, my spare time game is finally Coming Soon on Steam and attempting a Kickstarter",1
Currently playing modern warfare beta and just wondering does it make sense to lower graphics settings to get better FPS ?,1
Why isn't ASDF used instead of WASD?,1
"Rockstar says Grand Theft Auto 5's offline mode was disabled by a bug, not the launcher",1
God of War Ascension | PC Performance Test,1
Age of Wonders: Planetfall had the best launch sales in series history,1
Gears 5 Devs refused to compromise Gears 5 Framerate as it they did with Gears of War 4.,1
"'Minecraft' has been quietly dominating for over 10 years, and now has 112 million players every month",1
The Surge 2 has released on Steam,1
Trine 4: The Nightmare Prince - Story Trailer | Coming Oct 8,1
Wrist braces for gaming,1
Yuji Naka (former Team Sonic head) working on an Original Action Game at Square Enix,1
Suspect arrested in DDoS attacks that hit WoW servers,1
A better steam layout I quickly made. I hated that blurred image.,1
More evidence of impending RDR2 PC Release.,1
"ACE COMBAT 7: SKIES UNKNOWN Season Pass: SP Missions Trailer | PS4, X1, PC",1
Sonic Smackdown is a fan Sonic fighting game that is heavily inspired by Marvel vs Capcom 3,1
Session: Gameplay Raw Cut 4,1
You cannot start a party through the Xbox game bar but can join one,1
Kine (EGS exclusive) developer says that 'Valve wants developers that are releasing on other storefronts to have a Steam page',1
If you use GeForce Experience and have random games crashing that worked fine before...,1
Wolfenstein II: The New Colossus: some objects update at a lower rate in cutscenes,1
Just A Reminder That Forbes Gave NBA 2K20 A 9/10.,1
Is it possible to buy a game via USB drive?,1
"Forgetful Dictator, a strategy game that teaches geography is coming out this week. I am very proud of this silly game I made.",1
Daybreak Games is Hosting a Preview Event Tomorrow for PlanetSide Arena. Giving Players on Twitter a Chance to Get an Invite.,1
Epic Games store and Launcher: How to handle Cloud Save conflicts (Official FAQ),1
Nioh 2 TGS Trailer,1
Keypad / HID Gaming controller conflict. Request for assistance - Actual USD incentive for solution.,1
Project Resistance Is Getting Downvoted on Youtube,1
Steam Top Releases of August 2019,1
Project Resistance Gameplay Overview,1
Are games worth panting on pc if I’ve played them on Xbox?,1
Destiny 2 - Shadowkeep Roadmap,1
Borderlands 3 Megathread - pt. 2,1
Conan Exiles and Unconquered are having a free weekend on Steam,1
Warframe developer addresses recent review bombing from the Warframe community - VideoGamer.com,1
BETWEEN REALMS Gameplay Demo 2.0,1
"Apple Arcade exclusive means not on Android, consoles and PC are fair game",1
What is Deathgarden Bloodharvest?,1
"Greedfall Review ""Buy, Wait for Sale, Rent, Never Touch?""",1
Cube World Steam Beta now playable for Alpha backers,1
"Trump lifts tariffs on some PC parts, including graphics cards",1
AIO for RX5700XT?,1
Remnant: From the Ashes - Leto's Lab Trailer (Free Update Available Now),1
Planet Zoo: Beta Gameplay Trailer,1
"How many of you are playing ""Russian Style"" (keyboard on the lap instead of the desk."" If you do, why, and for how long? And how many of you doing it are not even playing Quake?",1
Civilization VI is getting a Battle Royale game mode (trailer),1
Paladins - Cross-Play Expands to PlayStation 4!,1
Cube World Release Trailer,1
NBA 2K20 is plagued with issues and taking a hammering on Steam,1
Anyone subscribed to uplay+? Why is it worth it or not?,1
Discord bullish about its platform after dropping free games from Nitro subscription service,1
Looks like Modern Warfare Beta players already have uncovered the planned loot box system [...],1
Epic takes down their roadmap for Epic Online Services,1
Can someone explain why is everyone praising Gears 5 graphics so much?,1
Tech Youtuber UFD Tech’s son has a rare genetic disorder known as syngap-1 and because of this his son experiences hundreds of seizures a day. Show him some love and support!,1
NEW Conan Unconquered update - Bêlit's Fury,1
Will static electricity affect my pc when its placed on carpet during the winter?,1
"I absolutely hate when the fov_viewmodel (the arms, and the gun) don't scale with the FOV value in FPS game.",1
Is it worth getting the Xbox game pass for PC?,1
Receiver - 2019 Update - Wolfire Games,1
Valve could kill Epic Games at any time...,1
Astellia MMORPG - Headstart begins today. Official launch happens next week on 27th of September,1
Switching from Console to PC,1
Bioware's Former Lead Writer Is Starting An Australian Studio,1
Rune II Release Date Announced for the Epic Games Store: November 2019,1
"Help make a nonviolent tag for steam, follow up post",1
Whats the best FPS game to learn keyboard &amp; mouse on?,1
Ion Fury 1.02 Update is out!,1
WWZ getting crossplay!,1
what is the most recent high-end benchmark game similar to the original crysis?,1
Borderlands 3's Review Situation Sure Is Strange,1
"Afterparty, the next game from Oxenfree's developers, will be out in October",1
New flightsimulator preview and Insider build signup,1
"Is Epic Games Store Exclusivity ""THAT"" bad?",1
"Microsoft has fixed the Cortana High CPU usage bug, addresses new security vulnerabilities",1
"Rainbow Six Siege, I give up on you.",1
Would you consider video games to be art?,1
Corsair H115i Platinum in a Lian Li PC-011 Dynamic?,1
What are some must haves in an indie PC game?,1
League of Legends is still the Biggest PC Game ― Riot Games Announced.,1
"Might and Delight (Shelter, PID) new game Book of Travels - Announcement Trailer",1
New features in the ANNO 1800 Botanica DLC.,1
"Manifold Garden dev talks about the community response after announcing that his game is now an Epic Store exclusive: ""It's been an interesting experience. Overall the response has been incredibly positive and we've received a lot of support""",1
Is there a graph of hand sizes or something so I can see if I should buy larger mice or not?,1
GOG Release: Call of Juarez: Bound in Blood and Gunslinger,1
"What if Minecraft or a Gmod type sandbox ( in Quake engine , unreal engine or Gold src) was released in 1990s ?",1
ISFE: French Ruling on Copyright flies in face of established EU law,1
RetroArch v1.7.8 (v4) released,1
Why do people act like “sweaty players” are a negative to a game?,1
Cyberpunk 2077 Japanese Trailer,1
"Inside The Ghosting, Racism, And Exploitation At Game Publisher Nicalis - Jason Schreier",1
Forced TAA on AAA games,1
Epic / Psyonix hiked up Rocket League price on Steam in many countries that used to have regional pricing,1
Steam needs a non-violent tag,1
Epic Games Paid 9.49M Euros For Control's Exclusivity According To Digital Bros,1
"Software for ""enhancing"" in-game graphics?",1
DRAGON BALL Z: KAKAROT Steam Page is Up,1
Gaming Gloves,1
PlanetSide Arena: Free to Play Launch Gameplay Trailer,1
Call of Duty: Modern Warfare 2019 PC Open Beta thread.,1
Digimon Story Cyber Sleuth: Complete Edition - Raising/Training Trailer,1
Red Dead Redemption 2 PC just got classified by the Australian Classification!,1
&lt;giveaway&gt; A game of your choice for $30,1
who uses Anti Aliasing?,1
Stranded Sails - Explorers of the Cursed Islands Gameplay Trailer,1
Nvidia's bringing HDMI 2.1 VRR support to its RTX 20 Series GPUs - G-Sync is coming to TVs,1
Will Diablo III ever go past 60 frames?,1
We are two brothers that are passionate about games and decided to make one. It's taken 2 years so far and we are launching our game as early access on Steam later this year. Here is our trailer.,1
Is new cod mw a suitable replacement for battlefield bc2 and squad?,1
Here's an idea. Preorder a game and get the game plus all extra content for the same price as buying the game on the day,1
Jurassic Dream Lets You Peacefully Explore A CryEngine Jurassic Park,1
steam library broken after update,1
What's the lowest resolution you've had to played a game on just to have it at a playable framerate?,1
Daymare: 1998 is now available on Steam,1
LGBTQ+ charity to raise donations through Pride computer game,1
"Everspace 2 devs talk about Epic's and Valve's storefronts: ""Without Epic, Rockfish and Everspace wouldn't exist, but it's the same with Steam""; ""Valve has the best platform, by far, to roll out a game as an independent developer""",1
PlanetSide Arena: Launch Gameplay Trailer,1
Author of the Red Dead Redemption Enhancement Project released an update video on a situation,1
Fairy Tale TGS 2019 Character Trailer,1
Hot Lava [Official Launch Trailer],1
Novel/story that you'd like to be into a game?,1
Sekiro: Sadows Die Twice - GTX 1050 Ti (Max Settings) Benchmark,1
"Mcindus, Final Fantasy 8 modder AMA on r/finalfantasy",1
PSA: Reddit is having issues.,1
Can Rare Replay come to PC?,1
Boycotting (timed) Epic exclusives hurts you the most,1
"If you're trying to resist buying Borderlands 3, check out Remnant: From the Ashes instead. It's a great new loot shooter that's only $40 on Steam.",1
People who worked on Batman: Arkham Origins are teasing a new game,1
Best Agenda 2030 - Latest trailer! Me and my wife have been working on the game for two years. Leaving Steam early access in a few months.,1
A Plague Tale : Innocence Free Trial is Available Now,1
Punch Planet - Cinematic Trailer,1
Bloom: Memories - Trailer (7+ YEARS in the making!),1
'Borderlands 3' PC Sales Reveal An Important Truth About The Epic Games Store,1
Best game launcher or service for a library computer lab,1
"DF Direct! Modern Games Look Amazing On CRT Monitors... Yes, Better than LCD!",1
"""Wabbajack""lets you install hundreds of Fallout 4 or Skyrim mods in minutes",1
Steam's top wishlisted games,1
AMD’s Ryzen 9 3950X launch delayed by two months to meet “strong demand”,1
DAYMARE: 1998 - Release Trailer (Raven's demons),1
Trials of Mana TGS 2019 Gameplay,1
Terminator Resistance - Announcement Trailer,1
"Instead of fixing numerous game breaking bugs and performance issues, Borderlands 3 developers Nerf legendary drop rates and farming spots in first patch.",1
Does the Epic Game Launcher have a geoblocker enabled?,1
Blasphemous has just released on steam,1
Hack the '80s internet in free hacking adventure Wardialler | PCGamer,1
Any modern games which let you use your own music tracks in game?,1
Is it true that Borderlands 3 is using a keylogger ?,1
"The Game Awards 2019 Date Announced by Geoff Keighley: Thursday, December 12, 2019.",1
We Happy Few - Lightbearer DLC is available and pretty funny imo...,1
Digimon Story Cyber Sleuth: Complete Edition - Battle Trailer,1
DRAGON BALL Z: KAKAROT – Power-UP for Launch on 1.17.19,1
"Tech Support and Basic Questions Thread - September 19, 2019",1
Good news! New ANNO 1800 DLC! Bad news! Your 40 hour saves are being held ransom due to a bug Ubisoft created 2 weeks ago!,1
Valve doesn’t comment on Epic Games Store exclusives because it acts as a “lightning rod” for harassers,1
I refunded Borderlands 3 and uninstalled it from the Epic Games Store but found its install directory and its executable is still there and I can unfortunately continue to play Borderlands 3 even though it's gone.,1
Insurgency: Sandstorm Developers Discuss Canceled Game Set in Nicaragua,1
Don't expect many Borderlands 3 reviews before launch - only US sites got code,1
NBA2K20 is currently the 2nd worst rated game on Steam only behind FlatOut 3,1
Super Robot Wars V for PC is region-locked to Japan and Southeast Asia - Gematsu,1
Dino Crisis FAN Remake - Trailer,1
Valve's VR game Recap - Kerry Davis at Digipen,1
GoG Customer Policy,1
AMD hosted a VLAN over the weekend and they gave the grand prize to an AMD Red Team Plus member...,1
Little Misfortune now released on Steam,1
Rebel Cops - Release Trailer,1
"I believe that the issue with ""too many launchers"" can be solved if all storefronts were to be like GOG.",1
Mutazione Launching September 19th,1
How does AC:Odysseus rank among my fellow pc gamers? Is it a legendary rpg?,1
Dragon Ball Z KAKAROT - Open World Gameplay (Vegeta),1
Report: Modern Warfare PC Beta Files contains many references to Battle Royale | Charlie INTEL,1
Giant Bomb claims they were denied a Borderlands 3 review copy due to 'dubious E3 coverage'.,1
Mod Introduction and Feedback Thread,1
Beyond Development Update 2 - No Man's Sky,1
PSA: Remaster of Ni No Kuni uses post-fx fxaa. Complete Trash. Turn off.,1
hmm...suggest a good universal Server Browser?,1
What game(s) do you dream would be made ?,1
When are open world games considered completed?,1
Rockstar Launcher,1
A Knight's Quest | Official Gameplay Trailer,1
Cat Quest: Am I late to the Party?,1
Open-source cloud gaming service for retro games,1
The ESA Is A Big Piece Of Shit (The Jimquisition),1
Amazon finally have data server in Bahrain MIDDLE EAST!! which mean we will get better ping for those who live in Africa and ME region!! YAY!!,1
How do I get my wife to play more games with me?,1
Sparklite releases on November 14th,1
Black Mesa - Interloper Mini Update,1
"Anyone on here ever play the legendarily horrendous point-and-click game ""Limbo of the Lost""?",1
Wheel of fate is now on kickstarter!,1
Dark Envoy - Gameplay Interview,1
The High Court of Paris just ruled Steam's game resell ban illegal,1
Wheelchair and video games..,1
Final Fantasy XIV patch 5.1 reworks crafting and brings the first Nier alliance raid,1
Indie Developers Have Mixed Reactions to Steam Algorithm Update,1
Stronghold: Warlords - Alpha Demo Gameplay,1
PSA: Newest version of iCUE (3.19.120) pegs CPU's and creates game performance issues including stutter/fps drops.,1
40% Less Input Lag Without AMD Anti-Lag or NVidia Ultra-Low Latency - Batte(non)sense,1
New Batman Game Speculation Intensifies Following Fortnite Datamine,1
The 57 years of unseen work that built Cyberpunk 2077's Night City,1
Does anyone else avoid playing *any* new EA games released in the last few years purely because EA?,1
What gaming moments will you never forget?,1
Steam Community :: RAD :: Events :: RAD PATCH NOTES,1
Hitman 2 - Haven Island (New Map Maldives),1
Boxwrecker Arena is out on Steam!,1
"Free Talk Friday Thread - September 20, 2019",1
"Activision won't stop sending me Call of Duty e-mails, even though I unsubscribed *several* times",1
Romance of the Three Kingdoms XIV TGS 2019 trailer,1
Gears 5 is now available in mainland China,1
Subtitle presentation in games,1
"Tech Support and Basic Questions Thread - September 16, 2019",1
"Steam Store recommendation algorithms get an update, resulting in a greater diversity of shown titles",1
"Borderlands 3 Is Deleting Save Data For PC Players, Epic Store's Cloud Saves May Be The Culprit",1
Rainbow Six Siege: Operation Ember Rise – Amaru &amp; Goyo Trailer,1
"Anyone else feel like there's an increasingly noticeable disparity between what are considered ""graphically groundbreaking"" games and overall texture quality?",1
The Surge 2 - Launch Trailer,1
Origin Access. RipOFF.,1
Why is pc gaming so less social than console gaming?,1
"FYI borderlands 3 seems to be having a few problems at launch, including performance.",1
"Now that we have had a few days with the new Steam look, do you think it’s an improvement or not?",1
Here’s how new Steam Labs experiments will find better games for you,1
Gwent: Iron Judgement | Expansion Trailer,1
[SkillUp]Borderlands 3 - The Review,1
Pool: Shooting and recoil.,1
Enzai Shikkou Yuugi: Yuru Kill formally unveiled at TGS 2019,1
Rank the Quake games!,1
What websites sells cheap games and are trustworthy?,1
"Dwarf Fortress, An Easy getting started guide for beginners""",1
Disco Elysium - Detective/Mystery cRPG got a release date &amp; features trailer,1
"Gears 5 is being review bombed by Chinese users, due to the game being suspended/removed in China, most likely due to the game not meeting the Chinese governments requirements.",1
"Call of Duty: Modern Warfare to be Bundled with GeForce RTX Graphics Cards, PC's",1
PSA - Latest Windows 10 Update Causes Problems With Video Game Audio,1
Safe website for buying campaign only games?,1
Outer Worlds【TGS 2019 Trailer】,1
Subnautica: Below Zero Ice Worm Update,1
Control will receive two full (paid) expansions in 2020: The Foundation and AWE. Photo mode and new game mode Expeditions also revealed,1
"AI: The Somnium Files review - a bizarre story, masterfully told",1
Do you think porting bloodborne to PC would be a good financial move for fromsoftware? Personally I would love to play bloodborne on PC and I’ve got a ton of friends that feel the same and I feel like it would a good business move on their part.,1
Death March Club opening cinematic and gameplay footage,1
"Tech Support and Basic Questions Thread - September 13, 2019",1
is g2a legit,1
Devs of pcgaming: What was an awesome game concept that never got off the ground that you almost worked on?,1
"Devil's Hunt releases on PC, the first review is out",1
A new Batman game could be announced soon,1
"Is it possible to play FIFA 20, on Origin, with a Switch Pro Controller?",1
"Is anyone else playing Green Hell? This is by far the best ""survival"" game out there that I've played.",1
Are there any top selling PC game charts?,1
ANYONE playing COD MW on PC?,1
Hi I bought LEGO Star Wars The Complete Saga on Steam but didn't know they removed all the achievements on the Steam version. Is there another way to play it on PC that has achievements?,1
Linux 5.4 To Fix Many Newer 64-bit Windows Games On Wine / Steam Play,1
PC is such a shitty platform...,1
Can't digital media platforms create a single use license to avoid any reselling?,1
"League of Legends 10th Anniversary - Brand New Logo, Celebration Livestream on Oct. 16th",1
Marvel's Avengers | Hulk's Joe Fixit Outfit Reveal,1
How have GPU prices managed to stay at their inflated rates?,1
FIFA STREET 4 | PC Performance Test | RPCS3 PS3 Emulator | 4k 60 FPS,1
Why are gamers against microtransactions and loot boxes but are in favor of piracy?,1
"Remnant: From the Ashes updates to add ‘Adventure Mode’ on September 12, new dungeon on September 19",1
Untitled Goose Game Dev Explains Epic Games Store Exclusivity Decision,1
The cheat hackers 'ruining' gaming for others - BBC News,1
Publishers to keep releasing games with anti-consumer practices mean that the majority of gamers simply gave in into the temptation.,1
Somebody Forgot To Update NBA 2K20’s Taskbar Icon,1
SMACH Z - Tokyo Game Show 2019!,1
Planet Zoo Developer AMA | Wednesday 18 September 3PM BST/10AM EST,1
4th character for Slay the Spire is now available in the beta branch!,1
"Resident Evil 2 Seamless HD Project is a must-have overhaul mod; upscales textures, improves FMVs &amp; more",1
"Steam Agreement has actually been there for a while, Valve doesn't act upon it (SidAlpha's video)",1
Siege of Centauri Giveaway!!,1
Today in Dwarf Fortress.. Bloodsuckers of the Muck,1
Here are ideas for alternatives over keeping OR hiding games permanently in the Steam library.,1
Lightbearer - Launch Trailer,1
Steam Labs Update,1
New Guilty Gear Sol And Ky Trailer - TGS2019,1
Navi RDNA vs GCN 1.0: Last-Gen vs Next-Gen GPU Tech Head-To-Head! [Digital Foundry],1
Creature in the well is awesome!,1
"According to Polygon, Borderlands 3 has massive technical issues on PC: frequent crashes, quests glitching and more",1
Untitled Goose Game is out now on the Epic Games Store,1
How’s everyone enjoying Borderlands 3?,1
Maximum frametime recording,1
Borderlands 2 VR releasing October 22 on Steam,1
If i connect my ps4 controller to my pc using steam will there be any iunput lag?,1
The Dark Crystal: Age of Resistance Tactics - Allies and Adversaries Trailer,1
"After a secret experiment with 5% of Steam users, Valve changes the store algorithm",1
Borderlands 3 Reviews Based On Broken Unfinished Version Of The Game [Jimquisition],1
Rob Ager's top 100 video games of all time,1
Alternatives to Steam?,1
some steam keys,1
Tales of Arise TGS 2019 Trailer,1
The Epic Store library finally has a list view,1
Does anyone remember Blade of Darkness?,1
Is Borderlands 3 ever coming to steam?,1
John Wick Hex Release Date Trailer,1
After 2 years of early access: Die Young 1.0 RELEASED on Steam! (FPP/Survival/Female Protag),1
mouse/keyboard as a xbox360 controller?,1
Endless Space 2 - Free weekend &amp; Awakening expansion released,1
AMD Ryzen Boost Fix tested,1
"Game streaming startup Rainway raises cash, adds Gaikai founder and Xbox pioneer as advisors",1
Borderlands 3 cloud-save hotfix coming soon,1
Deliver Us The Moon Gameplay Trailer (Releasing October 10th),1
PCGamer Borderlands 3 Review (63/100),1
Atomic Heart: Official In-Engine Cinematic Trailer,1
Final chapter of indie hit Celeste signals toward a possibly transgender protagonist,1
Mistover Time Trial Demo Out Now,1
